{
  "name": "sfrpg-counter",
  "title": "SFRPG Counter",
  "description": "Allows you to track SFRPG things.",
  "author": "Sputt",
  "systems": ["sfrpg"],
  "url": "https://github.com/Bagenholm/sfrpg-counter",
  "manifest": "https://raw.githubusercontent.com/Bagenholm/sfrpg-counter/development/module.json",
  "download": "https://github.com/Bagenholm/sfrpg-counter/blob/development/archive/sfrpg-counter-develop.zip?raw=true",
    "scripts": [
    "scripts/sfrpg-counter.js"
  ],
    "languages": [
    {
      "lang": "en",
      "name": "English",
      "path": "languages/en.json"
    }
  ],
    "styles": [
    "styles/sfrpg-counter.css"
  ],
  "version": "0.2.0",
  "minimumCoreVersion": "0.8.8",
  "compatibleCoreVersion": "0.8.9"
}
